month,avg_order_value
2024-06,2844.2020936902454
2024-07,2819.027974910397
2024-08,2777.8621213942347
2024-09,2855.2458780487777
2024-10,2765.603415898617
2024-11,2792.231661631417
2024-12,2809.535342150663
2025-01,2787.423052184468
2025-02,2707.225029051003
2025-03,2805.8490171699236
2025-04,2870.1605514705857
2025-05,2824.1642404692047
2025-06,2668.047945425361
