customer_type,customer_count,total_orders,total_revenue
Returning,5810,11972,33702505.27999996
New,8012,8028,22292301.309999976
