customerID,total_orders,total_spent
C5150,8,38617.100000000006
C6955,6,37114.11
C9957,6,35930.35
C2068,9,34395.88
C6393,5,33379.03
C2357,9,32719.019999999997
C5126,8,32685.320000000003
C4945,6,31711.170000000002
C1759,6,30758.72
C2054,7,30756.950000000004
