region,total_sales
East,14313926.94999999
South,14031896.57000001
West,13953700.170000015
North,13695282.900000053
