ProductName,total_sales
Headphones,4879957.299999997
Bookshelf,4723274.889999993
Desk,4596539.670000001
Office Chair,4591802.759999999
Table Lamp,4561252.570000003
Keyboard,4538122.489999999
USB Drive,4536790.12
Mouse,4454574.329999993
Monitor,3844119.120000001
Webcam,3787194.0100000016
